Type,Node,Region,Latitude,Longitude,Editable
Onshore,AL00,AL00,41.09771571,20.05563307,false
Onshore,AT01,AT00,47.21843937,12.17835215,false
Onshore,AT02,AT00,47.54687478,14.56515568,false
Onshore,AT03,AT00,47.97102846,15.89882726,false
Onshore,BA00,BA00,44.04904432,17.88289712,false
Onshore,BE01,BE00,51.105863,3.4469208,false
Onshore,BE02,BE00,50.711333,4.373417,false
Onshore,BE03,BE00,50.6183731,5.5819881,false
Onshore,BG01,BG00,42.80967947,25.77233628,false
Onshore,BG02,BG00,42.13821359,24.44591592,false
Onshore,CH00,CH00,46.76295643,8.312803173,false
Onshore,CY00,CY00,35.16200162,33.42395924,false
Onshore,CZ01,CZ00,49.9310819,14.51030046,false
Onshore,CZ02,CZ00,49.59972931,16.68874412,false
Offshore,DBUK,DBUK,56.46239,1.016039,false
Onshore,DE01,DE00,53.33254996,9.282334125,false
Onshore,DE02,DE00,53.51528914,12.76035091,false
Onshore,DE03,DE00,51.42855435,7.590463561,false
Onshore,DE04,DE00,51.13020105,12.16423053,false
Onshore,DE05,DE00,50.36187681,8.3568402,false
Onshore,DE06,DE00,48.6183634,9.306535226,false
Offshore,DE07,DE00,49.04173814,10.98095319,false
Offshore,DEKF,DEKF,55.03,12.93997222,false
Onshore,DKE1,DKE1,55.32953744,11.78331512,false
Offshore,DKKF,DKKF,55.03,12.93997222,false
Onshore,DKW1,DKW1,55.94578052,9.695332132,false
Onshore,EE00,EE00,58.67991644,24.08582621,false
Onshore,ES01,ES00,42.84786744,-8.178445657,false
Onshore,ES02,ES00,42.37615345,-5.540339466,false
Onshore,ES03,ES00,41.5441755,-3.724939515,false
Onshore,ES04,ES00,42.76626889,-2.325526315,false
Onshore,ES05,ES00,41.45981635,-0.617788096,false
Onshore,ES06,ES00,41.82643465,1.482536471,false
Onshore,ES07,ES00,40.39288112,-3.713229013,false
Onshore,ES08,ES00,39.28643842,-5.143472783,false
Onshore,ES09,ES00,37.25520449,-5.784768919,false
Onshore,ES10,ES00,37.74954932,-3.954598778,false
Onshore,ES11,ES00,39.34221679,-1.335117437,false
Onshore,FI01,FI00,65.85705445,24.91275884,false
Onshore,FI02,FI00,60.90611533,22.49345739,false
Onshore,FR01,FR00,44.05058537,0.705401369,false
Onshore,FR02,FR00,44.18858051,2.424303917,false
Onshore,FR03,FR00,43.78693157,5.504895653,false
Onshore,FR04,FR00,46.7937319,-0.4211419,false
Onshore,FR05,FR00,46.95899441,2.22303881,false
Onshore,FR06,FR00,45.17171708,4.454869044,false
Onshore,FR07,FR00,45.70890609,5.908799803,false
Onshore,FR08,FR00,48.03278852,-3.015946607,false
Onshore,FR09,FR00,48.98027557,-0.060948025,false
Onshore,FR10,FR00,48.71394929,2.481415324,false
Onshore,FR11,FR00,47.48168628,4.421878834,false
Onshore,FR12,FR00,48.30154622,6.201528759,false
Onshore,FR13,FR00,49.80046891,2.423525099,false
Onshore,FR14,FR00,49.23766622,4.419416394,false
Onshore,FR15,FR15,42.11963987,9.015716381,false
Onshore,IE00HPCL,IE00HPCL,53.32133596,-8.794997017,false
Onshore,FR00HPCL,FR00HPCL,47.1,2.4,false
Onshore,UK00HPCL,UK00HPCL,53.81,-1.75,false
Onshore,GR01,GR00,39.99952991,22.65091623,false
Onshore,GR02,GR00,38.10420424,23.11041694,false
Onshore,GR03,GR03,35.26139226,24.88427753,false
Onshore,HR01,HR00,44.02692075,15.67299523,false
Onshore,HR02,HR00,45.62390306,17.09041275,false
Onshore,HU01,HU00,47.53950629,19.26430564,false
Onshore,HU02,HU00,46.77841499,17.48255568,false
Onshore,HU03,HU00,47.476986,20.62100034,false
Onshore,IE00,IE00,53.32133596,-8.794997017,false
Onshore,ITCA,ITCA,38.579145,16.240049,false
Onshore,ITCN,ITCN,43.23867703,11.43744998,false
Onshore,ITCS,ITCS,41.53630259,13.87143927,false
Onshore,ITN1,ITN1,45.38700324,10.20411723,false
Onshore,ITS1,ITS1,40.51705304,16.14106075,false
Onshore,ITSA,ITSA,40.28075705,8.972408559,false
Onshore,ITSI,ITSI,37.68141182,13.97156174,false
Onshore,LT00,LT00,55.21136379,23.85169377,false
Onshore,LUG1,LUG1,49.77003433,6.094576302,false
Onshore,LUV1,LUV1,49.77003433,6.094576302,false
Onshore,LV00,LV00,56.87536157,25.06513342,false
Onshore,MA00,MA00,31.82171941,-6.116766116,false
Onshore,ME00,ME00,42.68134412,19.24765935,false
Onshore,MK00,MK00,41.65473254,21.72937674,false
Offshore,MT00,MT00,35.93103123,14.41052967,false
Onshore,NL01,NL00,53.19519237,6.007348477,false
Onshore,NL02,NL00,52.1840775,5.986930174,false
Onshore,NL03,NL00,51.79074122,4.257017745,false
Onshore,NL04,NL00,51.3087743,5.478619205,false
Onshore,NOM1,NOM1,63.09922087,8.077957249,false
Onshore,NON1,NON1,68.21870149,17.10474428,false
Onshore,NOS1,NOS0,59.60023821,10.19929487,false
Onshore,NOS2,NOS0,58.81796972,6.745489064,false
Onshore,NOS3,NOS0,60.74124796,5.528326286,false
Onshore,PL01,PL00,52.35130753,20.63726235,false
Onshore,PL02,PL00,50.91564817,21.94438704,false
Onshore,PL03,PL00,50.20637825,19.28727884,false
Onshore,PL04,PL00,52.35365143,16.36262195,false
Onshore,PL05,PL00,53.40316453,18.37651275,false
Onshore,PT01,PT00,40.89686165,-7.643991475,false
Onshore,PT02,PT00,38.6585016,-8.217980309,false
Onshore,RO01,RO00,46.40027659,23.62661563,false
Onshore,RO02,RO00,45.27077907,24.13205616,false
Onshore,RO03,RO00,46.25834421,27.15877195,false
Onshore,RS00,RS00,44.39251211,20.77291139,false
Onshore,RS01,RS00,44.39251211,20.77291139,false
Onshore,SE01,SE01,65.98033785,22.34186304,false
Onshore,SE02,SE02,62.93133106,18.45957081,false
Onshore,SE03,SE03,58.66747052,16.31146365,false
Onshore,SE04,SE04,56.5239763,14.01994401,false
Onshore,SI00,SI00,46.11170917,14.96967658,false
Onshore,SK00,SK00,48.75447146,19.71464227,false
Onshore,TN00,TN00,34.66943927,9.942461974,false
Onshore,TR00,TR00,39.3309052,31.11871446,false
Onshore,UA01,UA01,48.68314932,23.09383928,false
Onshore,UK01,UK00,51.57452618,-0.048645455,false
Offshore,UK02,UK00,50.7907991,-3.696733451,false
Onshore,UK03,UK00,52.66041862,-3.191405495,false
Onshore,UK04,UK00,54.86441995,-2.797834622,false
Onshore,UK05,UK00,57.76105948,-4.848558099,false
Onshore,UKNI,UKNI,54.54239393,-6.523197252,false
Onshore,XK00,XK00,42.55751352,20.83811732,false
Onshore,AL,Albania,41.3275,19.8189,false
Onshore,AT,Austria,48.2082,16.3738,false
Onshore,BA,Bosnia and Herzegovina,43.8563,18.4131,false
Onshore,BE,Belgium,50.8503,4.3517,false
Onshore,BG,Bulgaria,42.6977,23.3219,false
Onshore,CH,Switzerland,46.2044,6.1432,false
Onshore,CY,Cyprus,35.1856,33.3823,false
Onshore,CZ,Czech Republic,50.0755,14.4378,false
Onshore,DB,Denmark (Baltic),55.6761,12.5683,false
Onshore,DE,Germany,52.52,13.405,false
Onshore,DK,Denmark,55.6761,12.5683,false
Onshore,EE,Estonia,59.437,24.7535,false
Onshore,ES,Spain,40.4168,-3.7038,false
Onshore,FI,Finland,60.1699,24.9384,false
Onshore,FR,France,48.8566,2.3522,false
Onshore,GR,Greece,37.9838,23.7275,false
Onshore,HR,Croatia,45.815,15.9819,false
Onshore,HU,Hungary,47.4979,19.0402,false
Onshore,IE,Ireland,53.3498,-6.2603,false
Onshore,IT,Italy,41.9028,12.4964,false
Onshore,LT,Lithuania,54.6872,25.2797,false
Onshore,LU,Luxembourg,49.6117,6.1319,false
Onshore,LV,Latvia,56.9496,24.1052,false
Onshore,MA,Morocco,31.6295,-7.9811,false
Onshore,ME,Montenegro,42.4304,19.2594,false
Onshore,MK,North Macedonia,41.9981,21.4254,false
Onshore,MT,Malta,35.9375,14.3754,false
Onshore,NL,Netherlands,52.3676,4.9041,false
Onshore,NO,Norway,59.9139,10.7522,false
Onshore,PL,Poland,52.2297,21.0122,false
Onshore,PT,Portugal,38.7223,-9.1393,false
Onshore,RO,Romania,44.4268,26.1025,false
Onshore,RS,Serbia,44.7866,20.4489,false
Onshore,SE,Sweden,59.3293,18.0686,false
Onshore,SI,Slovenia,46.0569,14.5058,false
Onshore,SK,Slovakia,48.1486,17.1077,false
Onshore,TN,Tunisia,36.8065,10.1815,false
Offshore,TR,Turkey,39.9334,32.8597,false
Onshore,UA,Ukraine,50.4501,30.5234,false
Onshore,UK,United Kingdom,51.5074,-0.1278,false
Offshore,AL00_OFF,AL00_OFF,39.819,18.8692,false
Offshore,BA00_OFF,BA00_OFF,42.4703,16.8281,false
Offshore,BE01_OFF,BE01_OFF,51.44376911,2.853131243,false
Offshore,BG01_OFF,BG01_OFF,42.88459735,28.75415231,false
Offshore,CY00_OFF,CY00_OFF,34.50064983,32.62520817,false
Offshore,DE011_OFF,DE011_OFF,54.21526493,8.597650505,false
Offshore,DE012_OFF,DE012_OFF,54.8961,6.7662,false
Offshore,DE013_OFF,DE013_OFF,54.1886,6.859,false
Offshore,DE02_OFF,DE02_OFF,54.7514,13.0841,false
Offshore,DEKF_OFF,DEKF_OFF,55.03,12.93997222,false
Offshore,DKE1_OFF,DKE1_OFF,55.219,12.8377,false
Offshore,DKKF_OFF,DKKF_OFF,55.03,12.93997222,false
Offshore,DKW11_OFF,DKW11_OFF,56.3035,6.7982,false
Offshore,DKW1_OFF,DKW1_OFF,56.3035,6.7982,false
Offshore,DZ00_OFF,DZ00_OFF,36.95170177,3.315188008,false
Offshore,EE00_OFF,EE00_OFF,59.4481,20.8903,false
Offshore,ES01_OFF,ES01_OFF,43.37574786,-9.600015574,false
Offshore,ES02_OFF,ES02_OFF,44.13109359,-4.936546703,false
Offshore,ES04_OFF,ES04_OFF,43.78203838,-2.6633574,false
Offshore,ES06_OFF,ES06_OFF,40.59997207,3.414796602,false
Offshore,ES09_OFF,ES09_OFF,36.2992,-7.4252,false
Offshore,ES10_OFF,ES10_OFF,36.2181,-1.694,false
Offshore,ES11_OFF,ES11_OFF,38.68494743,1.35693064,false
Offshore,FI01_OFF,FI01_OFF,65.1667,23.9435,false
Offshore,FI02_OFF,FI02_OFF,62.7054,20.1759,false
Offshore,FR01_OFF,FR01_OFF,44.84927135,-2.11034706,false
Offshore,FR02_OFF,FR02_OFF,42.4693,3.4809,false
Offshore,FR03_OFF,FR03_OFF,42.3286,6.5707,false
Offshore,FR04_OFF,FR04_OFF,46.25395727,-4.285355095,false
Offshore,FR08_OFF,FR08_OFF,48.5659,-6.0709,false
Offshore,FR09_OFF,FR09_OFF,49.7398,-2.5426,false
Offshore,FR13_OFF,FR13_OFF,50.63592,0.749071,false
Offshore,GR01_OFF,GR01_OFF,37.9225,20.4395,false
Offshore,GR02_OFF,GR02_OFF,36.848,24.8446,false
Offshore,GR03_OFF,GR03_OFF,34.69630017,26.88035874,false
Offshore,HR01_OFF,HR01_OFF,43.5845,15.1292,false
Offshore,IE00_OFF,IE00_OFF,51.2743,-7.0656,false
Offshore,IS00_OFF,IS00_OFF,63.5111,-13.939,false
Offshore,ITCN_OFF,ITCN_OFF,42.2896,10.4507,false
Offshore,ITCS_OFF,ITCS_OFF,40.8819,11.642,false
Offshore,ITN1_OFF,ITN1_OFF,43.845,9.3724,false
Offshore,ITS1_OFF,ITS1_OFF,39.6712,14.138,false
Offshore,ITSA_OFF,ITSA_OFF,39.9687,10.4656,false
Offshore,ITSI_OFF,ITSI_OFF,37.1971,14.3129,false
Offshore,LT00_OFF,LT00_OFF,55.53736339,20.87999203,false
Offshore,LV00_OFF,LV00_OFF,57.9011,20.6515,false
Offshore,MA00_OFF,MA00_OFF,34.7541,-8.766,false
Offshore,ME00_OFF,ME00_OFF,42.0559,17.865,false
Offshore,MT00_OFF,MT00_OFF,35.37980788,15.11556016,false
Offshore,NL011_OFF,NL011_OFF,53.84290891,4.955042826,false
Offshore,NL02_OFF,NL02_OFF,52.9785,3.9435,false
Offshore,NL031_OFF,NL031_OFF,52.2806,3.1202,false
Offshore,NL033_OFF,NL033_OFF,52.4368,3.9067,false
Offshore,NOM1_OFF,NOM1_OFF,64.2016,6.68,false
Offshore,NON1_OFF,NON1_OFF,67.9956,10.3687,false
Offshore,NOS21_OFF,NOS21_OFF,58.433173,3.547162,false
Offshore,NOS3_OFF,NOS3_OFF,60.8935,2.5235,false
Offshore,PL04_OFF,PL04_OFF,54.7456,15.0317,false
Offshore,PL05_OFF,PL05_OFF,55.368,18.4729,false
Offshore,PT01_OFF,PT01_OFF,41.12703832,-10.09577085,false
Offshore,PT02_OFF,PT02_OFF,38.06189027,-10.13919704,false
Offshore,RO03_OFF,RO03_OFF,44.33247346,29.6975654,false
Offshore,SE01_OFF,SE01_OFF,65.3796,22.6878,false
Offshore,SE02_OFF,SE02_OFF,62.9019,18.8431056,false
Offshore,SE03_OFF,SE03_OFF,59.4481,20.8903,false
Offshore,SE04_OFF,SE04_OFF,56.2055,17.8073,false
Offshore,SI00_OFF,SI00_OFF,45.0393,13.0522,false
Offshore,TN00_OFF,TN00_OFF,38.1163,10.1875,false
Offshore,TR00_OFF,TR00_OFF,41.9065,30.9454,false
Offshore,UA00_OFF,UA00_OFF,45.6857,31.3103,false
Offshore,UA01_OFF,UA01_OFF,45.6857,31.3103,false
Offshore,UK011_OFF,UK011_OFF,51.5487,1.6151,false
Offshore,UK02_OFF,UK02_OFF,49.5379,-6.0911,false
Offshore,UK031_OFF,UK031_OFF,52.5171,-5.2631,false
Offshore,UK032_OFF,UK032_OFF,52.1603,-5.7046,false
Offshore,UK041_OFF,UK041_OFF,54.9352,0.1905,false
Offshore,UK042_OFF,UK042_OFF,55.8473,1.1401,false
Offshore,UK043_OFF,UK043_OFF,54.7208,1.4966,false
Offshore,UK051_OFF,UK051_OFF,58.0167,0.6438,false
Offshore,UKNI_OFF,UKNI_OFF,53.9492,-5.3771,false
Offshore,DBUK_OFF,DBUK_OFF,56.46239,1.016039,false
Onshore,AL00,AL,41.09771571,20.05563307,false
Offshore,AL00_OFF,AL,39.819,18.8692,false
Offshore,Ammonia,Am,62.49,-1.67,false
Onshore,AT00,AT,47.64,14.84,false
Onshore,BA00,BA,44.04904432,17.88289712,false
Offshore,BA00_OFF,BA,42.4703,16.8281,false
Onshore,BE00,BE,50.8,4.72,false
Offshore,BE01_OFF,BE,51.44376911,2.853131243,false
Onshore,BG00,BG,42.78,25.1,false
Offshore,BG01_OFF,BG,42.88459735,28.75415231,false
Onshore,CH00,CH,46.76295643,8.312803173,false
Onshore,CY00,CY,35.16200162,33.42395924,false
Offshore,CY00_OFF,CY,34.50064983,32.62520817,false
Onshore,CZ00,CZ,49.59972931,16.68874412,false
Onshore,DE00,DE,51.28,10.66,false
Offshore,DE011_OFF,DE,54.21526493,8.597650505,false
Offshore,DE012_OFF,DE,54.8961,6.7662,false
Offshore,DE013_OFF,DE,54.1886,6.859,false
Offshore,DE02_OFF,DE,54.7514,13.0841,false
Offshore,DEKF,DE,55.03,12.93997222,false
Offshore,DEKF_OFF,DE,55.03,12.93997222,false
Onshore,DKE1,DK,55.32953744,11.78331512,false
Offshore,DKE1_OFF,DK,55.219,12.8377,false
Offshore,DKKF,DK,55.03,12.93997222,false
Offshore,DKKF_OFF,DK,55.03,12.93997222,false
Onshore,DKW1,DK,55.94578052,9.695332132,false
Offshore,DKW11_OFF,DK,56.3035,6.7982,false
Offshore,DKW1_OFF,DK,56.3035,6.7982,false
Onshore,DZ,DZ,36.95170177,3.315188008,false
Onshore,DZ00,DZ,36.95170177,3.315188008,false
Offshore,DZ00_OFF,DZ,36.95170177,3.315188008,false
Onshore,EE00,EE,58.67991644,24.08582621,false
Offshore,EE00_OFF,EE,59.4481,20.8903,false
Onshore,EG00,EG,30.0444196,31.2357116,false
Onshore,EG,EG,30.0444196,31.2357116,false
Onshore,ES00,ES,40.47,-3.44,false
Offshore,ES01_OFF,ES,43.37574786,-9.600015574,false
Offshore,ES02_OFF,ES,44.13109359,-4.936546703,false
Offshore,ES04_OFF,ES,43.78203838,-2.6633574,false
Offshore,ES06_OFF,ES,40.59997207,3.414796602,false
Offshore,ES09_OFF,ES,36.2992,-7.4252,false
Offshore,ES10_OFF,ES,36.2181,-1.694,false
Offshore,ES11_OFF,ES,38.68494743,1.35693064,false
Onshore,FI00,FI,65.24,26.87,false
Offshore,FI01_OFF,FI,65.1667,23.9435,false
Offshore,FI02_OFF,FI,62.7054,20.1759,false
Onshore,FR00,FR,47.1,2.4,false
Offshore,FR01_OFF,FR,44.84927135,-2.11034706,false
Offshore,FR02_OFF,FR,42.4693,3.4809,false
Offshore,FR03_OFF,FR,42.3286,6.5707,false
Offshore,FR04_OFF,FR,46.25395727,-4.285355095,false
Offshore,FR08_OFF,FR,48.5659,-6.0709,false
Offshore,FR09_OFF,FR,49.7398,-2.5426,false
Offshore,FR13_OFF,FR,50.63592,0.749071,false
Onshore,FR15,FR,42.11963987,9.015716381,false
Onshore,GR00,GR,39.2,22.55,false
Offshore,GR01_OFF,GR,37.9225,20.4395,false
Offshore,GR02_OFF,GR,36.848,24.8446,false
Onshore,GR03,GR,35.26139226,24.88427753,false
Offshore,GR03_OFF,GR,34.69630017,26.88035874,false
Onshore,HR00,HR,45.48,16.3,false
Offshore,HR01_OFF,HR,43.5845,15.1292,false
Onshore,HU00,HU,47.21,19.21,false
Onshore,IE00,IE,53.32133596,-8.794997017,false
Offshore,IE00_OFF,IE,51.2743,-7.0656,false
Onshore,IS00,IS,65.37827222,-20.27152556,false
Offshore,IS00_OFF,IS,63.5111,-13.939,false
Onshore,ITCN,IT,43.23867703,11.43744998,false
Offshore,ITCN_OFF,IT,42.2896,10.4507,false
Onshore,ITCS,IT,41.53630259,13.87143927,false
Offshore,ITCS_OFF,IT,40.8819,11.642,false
Onshore,ITN1,IT,45.38700324,10.20411723,false
Offshore,ITN1_OFF,IT,43.845,9.3724,false
Onshore,ITS1,IT,40.51705304,16.14106075,false
Offshore,ITS1_OFF,IT,39.6712,14.138,false
Onshore,ITSA,IT,40.28075705,8.972408559,false
Offshore,ITSA_OFF,IT,39.9687,10.4656,false
Onshore,ITSI,IT,37.68141182,13.97156174,false
Offshore,ITSI_OFF,IT,37.1971,14.3129,false
Onshore,LT00,LT,55.21136379,23.85169377,false
Offshore,LT00_OFF,LT,55.53736339,20.87999203,false
Onshore,LV00,LV,56.87536157,25.06513342,false
Offshore,LV00_OFF,LV,57.9011,20.6515,false
Onshore,MA,MA,31.82171941,-6.116766116,false
Onshore,MA00,MA,31.82171941,-6.116766116,false
Onshore,,,,,false
Offshore,MA00_OFF,MA,34.7541,-8.766,false
Onshore,MD00,MD,46.99803719,28.70262709,false
Onshore,ME00,ME,42.68134412,19.24765935,false
Offshore,ME00_OFF,ME,42.0559,17.865,false
Onshore,MK00,MK,41.65473254,21.72937674,false
Offshore,MT00,MT,35.93103123,14.41052967,false
Offshore,MT00_OFF,MT,35.37980788,15.11556016,false
Onshore,NL00,NL,52.23,5.63,false
Offshore,NL011_OFF,NL,53.84290891,4.955042826,false
Offshore,NL02_OFF,NL,52.9785,3.9435,false
Offshore,NL031_OFF,NL,52.2806,3.1202,false
Offshore,NL033_OFF,NL,52.4368,3.9067,false
Onshore,NOM1,NO,63.09922087,8.077957249,false
Offshore,NOM1_OFF,NO,64.2016,6.68,false
Onshore,NON1,NO,68.21870149,17.10474428,false
Offshore,NON1_OFF,NO,67.9956,10.3687,false
Onshore,NOS0,NO,60.16,7.85,false
Offshore,NOS21_OFF,NO,58.433173,3.547162,false
Offshore,NOS3_OFF,NO,60.8935,2.5235,false
Onshore,PL00,PL,52.32,19.17,false
Offshore,PL04_OFF,PL,54.7456,15.0317,false
Offshore,PL05_OFF,PL,55.368,18.4729,false
Onshore,PT00,PT,39.94,-8.01,false
Offshore,PT01_OFF,PT,41.12703832,-10.09577085,false
Offshore,PT02_OFF,PT,38.06189027,-10.13919704,false
Onshore,RO00,RO,46.05,24.86,false
Offshore,RO03_OFF,RO,44.33247346,29.6975654,false
Onshore,RS00,RS,44.39251211,20.77291139,false
Onshore,RS01,RS,44.39251211,20.77291139,false
Onshore,SE01,SE,65.98033785,22.34186304,false
Offshore,SE01_OFF,SE,65.3796,22.6878,false
Onshore,SE02,SE,62.93133106,18.45957081,false
Offshore,SE02_OFF,SE,62.9019,18.8431056,false
Onshore,SE03,SE,58.66747052,16.31146365,false
Offshore,SE03_OFF,SE,59.4481,20.8903,false
Onshore,SE04,SE,56.5239763,14.01994401,false
Offshore,SE04_OFF,SE,56.2055,17.8073,false
Onshore,SI00,SI,46.11170917,14.96967658,false
Offshore,SI00_OFF,SI,45.0393,13.0522,false
Onshore,SK00,SK,48.75447146,19.71464227,false
Onshore,TN00,TN,34.66943927,9.942461974,false
Offshore,TN00_OFF,TN,38.1163,10.1875,false
Onshore,TR00,TR,39.3309052,31.11871446,false
Offshore,TR00_OFF,TR,41.9065,30.9454,false
Onshore,UA,UA,48.68314932,23.09383928,false
Offshore,UA00_OFF,UA,45.6857,31.3103,false
Offshore,UA01_OFF,UA,45.6857,31.3103,false
Onshore,UA01,UA,48.68314932,23.09383928,false
Onshore,UA02,UA,48.0055938,32.13254294,false
Onshore,UK00,UK,53.81,-1.75,false
Offshore,UK011_OFF,UK,51.5487,1.6151,false
Offshore,UK02_OFF,UK,49.5379,-6.0911,false
Offshore,UK031_OFF,UK,52.5171,-5.2631,false
Offshore,UK032_OFF,UK,52.1603,-5.7046,false
Offshore,UK041_OFF,UK,54.9352,0.1905,false
Offshore,UK042_OFF,UK,55.8473,1.1401,false
Offshore,UK043_OFF,UK,54.7208,1.4966,false
Offshore,UK051_OFF,UK,58.0167,0.6438,false
Onshore,UKNI,UK,54.54239393,-6.523197252,false
Offshore,UKNI_OFF,UK,53.9492,-5.3771,false
Offshore,DBUK,DB,56.46239,1.016039,false
Onshore,ITCA,IT,38.579145,16.240049,false
Offshore,DBUK_OFF,DB,56.46239,1.016039,false
Onshore,NO,NO,63.09922087,8.077957249,false
